id;names;last_names;gender;birth_date;hire_date
1;calculate Investment Account;Soft Investment Account port;i;2020-10-03T12:39:05;2020-10-03T19:51:29
2;Granite frame;Tuna;C;2020-10-03T00:03:10;2020-10-03T03:25:03
3;Home;bandwidth-monitored Sleek;m;2020-10-03T22:51:51;2020-10-03T15:18:42
4;Berkshire reinvent;orchestrate Unbranded Granite Bacon Germany;i;2020-10-03T00:48:31;2020-10-03T10:05:25
5;Berkshire;Plastic;C;2020-10-03T15:05:35;2020-10-03T07:31:27
6;lime payment portals;Factors;d;2020-10-03T00:38:35;2020-10-03T19:43:48
7;ROI Sausages rich;payment Expressway;i;2020-10-03T08:16:52;2020-10-03T11:21:05
8;Illinois Ergonomic Steel Bike Peso Uruguayo Urugua;initiatives bluetooth Officer;D;2020-10-03T13:09:55;2020-10-03T01:55:03
9;Shoes purple white;back up Bedfordshire deliverables;K;2020-10-03T22:14:26;2020-10-03T01:50:05
10;Rustic;Profound reinvent;d;2020-10-03T19:27:25;2020-10-03T08:32:35
